nivel,pai,filho,quantidade,quantidade_acumulada
1,I3001192,G1004391,2.0,2.0
1,I3001192,G1009054,8.0,8.0
1,I3001192,I2002653,1.0,1.0
2,I2002653,G1007348,1.0,1.0
2,I2002653,G1009096,1.0,1.0
2,I2002653,G1009097,1.0,1.0
2,I2002653,G1009099,1.0,1.0
2,I2002653,G1009196,1.0,1.0
2,I2002653,G1009197,1.0,1.0
2,I2002653,G1009201,1.0,1.0
2,I2002653,G1009204,1.0,1.0
2,I2002653,G1009205,2.0,2.0
2,I2002653,G1009222,1.0,1.0
2,I2002653,G3003675,2.0,2.0
2,I2002653,G3004406,4.0,4.0
2,I2002653,G3006749,1.0,1.0
2,I2002653,G3008964,1.0,1.0
2,I2002653,I1007664,4.0,4.0
3,I1007664,G1009172,1.332,5.328
2,I2002653,I1033835,1.0,1.0
3,I1033835,G1022563,1.0,1.0
2,I2002653,I1041320,1.0,1.0
3,I1041320,G2005887,5.34,5.34
1,I3001192,I2002681,2.0,2.0
2,I2002681,G1004651,4.0,8.0
2,I2002681,G1004660,4.0,8.0
2,I2002681,G1009680,2.0,4.0
2,I2002681,G1020286,4.0,8.0
2,I2002681,G3000951,6.0,12.0
2,I2002681,G3001012,2.0,4.0
2,I2002681,G3001107,4.0,8.0
2,I2002681,I1006862,2.0,4.0
3,I1006862,G2005931,3.22,12.88
2,I2002681,I1006863,2.0,4.0
3,I1006863,G2005931,1.2,4.8
1,I3001192,I2003889,1.0,1.0
2,I2003889,G1009210,1.0,1.0
2,I2003889,G3003160,4.0,4.0
2,I2003889,G3007835,4.0,4.0
2,I2003889,I1007213,4.0,4.0
3,I1007213,G2005882,0.6,2.4
3,I1007213,G2005882,0.9,3.6
2,I2003889,I1008709,1.0,1.0
3,I1008709,G2005798,0.12,0.12
2,I2003889,I1011114,1.0,1.0
3,I1011114,G2005932,2.7,2.7
2,I2003889,I1011115,2.0,2.0
3,I1011115,G2005932,1.98,3.96
2,I2003889,I1011116,4.0,4.0
3,I1011116,G2005932,0.24,0.96
2,I2003889,I1011117,1.0,1.0
3,I1011117,G2005932,0.9,0.9
1,I3001192,I2005361,1.0,1.0
2,I2005361,G1003707,1.0,1.0
2,I2005361,G1004660,6.0,6.0
2,I2005361,G1006552,1.0,1.0
2,I2005361,G1006967,1.0,1.0
2,I2005361,G1007056,1.0,1.0
2,I2005361,G1007307,2.0,2.0
2,I2005361,G1009097,1.0,1.0
2,I2005361,G1009132,1.0,1.0
2,I2005361,G1009196,1.0,1.0
2,I2005361,G1009199,1.0,1.0
2,I2005361,G1009218,1.0,1.0
2,I2005361,G1012130,2.0,2.0
2,I2005361,G1012242,1.0,1.0
2,I2005361,G1013898,1.0,1.0
2,I2005361,G3003160,4.0,4.0
2,I2005361,G3004330,4.0,4.0
2,I2005361,G3004331,2.0,2.0
2,I2005361,G3007835,4.0,4.0
2,I2005361,I1025272,1.0,1.0
3,I1025272,G1017788,1.0,1.0
2,I2005361,I1026077,1.0,1.0
3,I1026077,G2005932,0.79,0.79
2,I2005361,I2012442,1.0,1.0
3,I2012442,I1025269,1.0,1.0
4,I1025269,G2005931,0.699,0.699
3,I2012442,I1025270,1.0,1.0
4,I1025270,G2005931,3.35,3.35
1,I3001192,I2007257,1.0,1.0
2,I2007257,G1000392,1.0,1.0
2,I2007257,G1007348,1.0,1.0
2,I2007257,G1009129,1.0,1.0
2,I2007257,G1014176,1.0,1.0
2,I2007257,G1019036,1.0,1.0
2,I2007257,I2007255,1.0,1.0
3,I2007255,G1007348,1.0,1.0
3,I2007255,G1009129,7.0,7.0
3,I2007255,G1009196,1.0,1.0
3,I2007255,G1009201,7.0,7.0
3,I2007255,G1013235,1.0,1.0
3,I2007255,G3002236,4.0,4.0
3,I2007255,G3007835,4.0,4.0
3,I2007255,G3016892,1.0,1.0
3,I2007255,I1007325,7.0,7.0
4,I1007325,G2000069,0.28,1.9600000000000002
4,I1007325,G2000069,0.48,3.36
4,I1007325,G2000069,0.16,1.12
4,I1007325,G2000069,0.24,1.68
3,I2007255,I1008449,1.0,1.0
4,I1008449,G2005789,1.28,1.28
3,I2007255,I1008450,1.0,1.0
4,I1008450,G2005931,0.22,0.22
2,I2007257,I2008026,1.0,1.0
3,I2008026,G1018185,1.0,1.0
3,I2008026,I1025128,1.0,1.0
4,I1025128,G1018186,0.2,0.2
1,I3001192,I2010998,3.0,3.0
2,I2010998,G1003417,6.0,18.0
2,I2010998,G1004237,6.0,18.0
2,I2010998,G1006118,6.0,18.0
2,I2010998,G1007287,3.0,9.0
2,I2010998,G1009174,3.0,9.0
2,I2010998,G1009195,3.0,9.0
2,I2010998,G1009201,3.0,9.0
2,I2010998,G1009849,3.0,9.0
2,I2010998,G1015398,3.0,9.0
2,I2010998,G1018184,3.0,9.0
2,I2010998,G1018205,3.0,9.0
2,I2010998,G1022571,3.0,9.0
2,I2010998,G3002307,12.0,36.0
2,I2010998,G3006152,3.0,9.0
2,I2010998,G3007837,12.0,36.0
2,I2010998,I1007167,3.0,9.0
3,I1007167,G2005931,39.78,358.02
2,I2010998,I1007206,3.0,9.0
3,I1007206,G2000166,1.11,9.99
2,I2010998,I1007207,3.0,9.0
3,I1007207,G2005756,1.29,11.61
2,I2010998,I1007208,3.0,9.0
3,I1007208,G2000052,0.24,2.16
2,I2010998,I1007322,3.0,9.0
3,I1007322,G2005931,0.21,1.89
2,I2010998,I1007323,3.0,9.0
3,I1007323,G2005931,171.06,1539.54
2,I2010998,I1007325,12.0,36.0
3,I1007325,G2000069,0.28,10.080000000000002
3,I1007325,G2000069,0.48,17.28
3,I1007325,G2000069,0.16,5.76
3,I1007325,G2000069,0.24,8.64
2,I2010998,I1007326,12.0,36.0
3,I1007326,G2005887,5.4,194.4
2,I2010998,I1007328,3.0,9.0
3,I1007328,G2000073,0.48,4.32
3,I1007328,G2000073,0.32,2.88
3,I1007328,G2000073,0.16,1.44
2,I2010998,I1008714,3.0,9.0
3,I1008714,G2000183,0.39,3.5100000000000002
3,I1008714,G2000183,0.26,2.34
3,I1008714,G2000183,0.13,1.17
2,I2010998,I1008838,3.0,9.0
3,I1008838,G1012232,5.235,47.115
3,I1008838,G1012232,3.49,31.410000000000004
2,I2010998,I1012022,3.0,9.0
3,I1012022,G2006323,0.15,1.3499999999999999
2,I2010998,I1022658,3.0,9.0
3,I1022658,G2005932,0.27,2.43
2,I2010998,I1030356,3.0,9.0
3,I1030356,G2005931,39.99,359.91
2,I2010998,I1033122,3.0,9.0
3,I1033122,G2005931,22.47,202.23
2,I2010998,I1034636,3.0,9.0
3,I1034636,G2000380,0.96,8.64
2,I2010998,I2010009,3.0,9.0
3,I2010009,G1007311,3.0,27.0
3,I2010009,G1009132,3.0,27.0
3,I2010009,G1009199,3.0,27.0
3,I2010009,G1012130,3.0,27.0
1,I3001192,I2011001,1.0,1.0
2,I2011001,G1000025,4.0,4.0
2,I2011001,I1000227,4.0,4.0
3,I1000227,G2005882,2.48,9.92
2,I2011001,I1011680,4.0,4.0
3,I1011680,G2005932,1.64,6.56
2,I2011001,I2013558,16.0,16.0
3,I2013558,G3002236,16.0,256.0
3,I2013558,G3007835,16.0,256.0
3,I2013558,G3002236,4.0,64.0
3,I2013558,G3007835,4.0,64.0
3,I2013558,G3002236,48.0,768.0
3,I2013558,G3007835,48.0,768.0
1,I3001192,I2011002,1.0,1.0
2,I2011002,I1016511,2.0,2.0
3,I1016511,G2005932,2.76,5.52
2,I2011002,I2013558,4.0,4.0
3,I2013558,G3002236,16.0,64.0
3,I2013558,G3007835,16.0,64.0
3,I2013558,G3002236,4.0,16.0
3,I2013558,G3007835,4.0,16.0
3,I2013558,G3002236,48.0,192.0
3,I2013558,G3007835,48.0,192.0
1,I3001192,I2011007,1.0,1.0
2,I2011007,G1006660,14.0,14.0
2,I2011007,G1009282,1.0,1.0
2,I2011007,G1021155,2.0,2.0
2,I2011007,G3000325,12.0,12.0
2,I2011007,G3000951,24.0,24.0
2,I2011007,G3001012,12.0,12.0
2,I2011007,G3001107,12.0,12.0
2,I2011007,I2002650,1.0,1.0
3,I2002650,G1003384,1.0,1.0
3,I2002650,G1004651,4.0,4.0
3,I2002650,G1004660,4.0,4.0
3,I2002650,G1009283,1.0,1.0
3,I2002650,G3000308,1.0,1.0
3,I2002650,G3002424,2.0,2.0
3,I2002650,I1007592,1.0,1.0
4,I1007592,G2005882,0.23,0.23
3,I2002650,I1007593,1.0,1.0
4,I1007593,G2005882,0.21,0.21
3,I2002650,I1007594,2.0,2.0
4,I1007594,G2005882,0.04,0.08
3,I2002650,I1007595,1.0,1.0
4,I1007595,G2005887,0.08,0.08
3,I2002650,I1007596,1.0,1.0
4,I1007596,G2005882,0.42,0.42
3,I2002650,I1007597,1.0,1.0
4,I1007597,G2005882,0.07,0.07
3,I2002650,I1007598,1.0,1.0
4,I1007598,G2005931,1.67,1.67
3,I2002650,I1007599,1.0,1.0
4,I1007599,G2005931,1.04,1.04
3,I2002650,I1007600,1.0,1.0
4,I1007600,G2005882,0.01,0.01
2,I2011007,I2002651,1.0,1.0
3,I2002651,G1003384,1.0,1.0
3,I2002651,G1004651,4.0,4.0
3,I2002651,G1004660,4.0,4.0
3,I2002651,G1009283,1.0,1.0
3,I2002651,G3000308,1.0,1.0
3,I2002651,G3002424,2.0,2.0
3,I2002651,I1007592,1.0,1.0
4,I1007592,G2005882,0.23,0.23
3,I2002651,I1007593,1.0,1.0
4,I1007593,G2005882,0.21,0.21
3,I2002651,I1007594,2.0,2.0
4,I1007594,G2005882,0.04,0.08
3,I2002651,I1007595,1.0,1.0
4,I1007595,G2005887,0.08,0.08
3,I2002651,I1007596,1.0,1.0
4,I1007596,G2005882,0.42,0.42
3,I2002651,I1007597,1.0,1.0
4,I1007597,G2005882,0.07,0.07
3,I2002651,I1007598,1.0,1.0
4,I1007598,G2005931,1.67,1.67
3,I2002651,I1007599,1.0,1.0
4,I1007599,G2005931,1.04,1.04
3,I2002651,I1007600,1.0,1.0
4,I1007600,G2005882,0.01,0.01
2,I2011007,I2004140,1.0,1.0
3,I2004140,G1002471,1.0,1.0
3,I2004140,G1009269,3.0,3.0
3,I2004140,G1009270,4.0,4.0
3,I2004140,G3000229,25.0,25.0
3,I2004140,G3000230,25.0,25.0
3,I2004140,G3000231,1.0,1.0
3,I2004140,I1009027,1.0,1.0
4,I1009027,G3003422,16.0,16.0
2,I2011007,I2010988,1.0,1.0
3,I2010988,G1009282,1.0,1.0
3,I2010988,G3000951,24.0,24.0
3,I2010988,G3001012,12.0,12.0
3,I2010988,G3001107,12.0,12.0
3,I2010988,I1007214,1.0,1.0
4,I1007214,G2000188,0.79,0.79
3,I2010988,I1007362,1.0,1.0
4,I1007362,G2005931,9.2,9.2
3,I2010988,I1007363,1.0,1.0
4,I1007363,G2000380,0.74,0.74
2,I2011007,I2011152,1.0,1.0
3,I2011152,I2005356,1.0,1.0
4,I2005356,G1004687,1.0,1.0
4,I2005356,G3001079,1.0,1.0
4,I2005356,I2005354,1.0,1.0
5,I2005354,I1015451,1.0,1.0
6,I1015451,G2005884,1.57,1.57
5,I2005354,I1015453,1.0,1.0
6,I1015453,G2005931,0.32,0.32
4,I2005356,I2005355,1.0,1.0
5,I2005355,I1015453,1.0,1.0
6,I1015453,G2005931,0.32,0.32
5,I2005355,I1015454,1.0,1.0
6,I1015454,G2005884,1.8,1.8
3,I2011152,I2011153,1.0,1.0
4,I2011153,I1015438,1.0,1.0
5,I1015438,G2005707,2.82,2.82
4,I2011153,I1015441,1.0,1.0
5,I1015441,G2005931,0.28,0.28
4,I2011153,I1015442,1.0,1.0
5,I1015442,G2005884,0.86,0.86
4,I2011153,I1015443,2.0,2.0
5,I1015443,G2005931,0.08,0.16
4,I2011153,I1033512,1.0,1.0
5,I1033512,G2005707,4.02,4.02
1,I3001192,I2011282,1.0,1.0
2,I2011282,G1000392,1.0,1.0
2,I2011282,G1000415,1.0,1.0
2,I2011282,G1004633,1.0,1.0
2,I2011282,G1004644,1.0,1.0
2,I2011282,G1005335,1.0,1.0
2,I2011282,G1005336,1.0,1.0
1,I3001192,I2011419,1.0,1.0
2,I2011419,G1001640,2.0,2.0
2,I2011419,G1002333,2.0,2.0
2,I2011419,G1002666,2.0,2.0
2,I2011419,G1004651,8.0,8.0
2,I2011419,G1007287,4.0,4.0
2,I2011419,G1007398,1.0,1.0
2,I2011419,G1008721,1.0,1.0
2,I2011419,G1009097,1.0,1.0
2,I2011419,G1009849,3.0,3.0
2,I2011419,G1009865,1.0,1.0
2,I2011419,G1017483,1.0,1.0
2,I2011419,G1018184,1.0,1.0
2,I2011419,G1018205,1.0,1.0
2,I2011419,G1021152,1.0,1.0
2,I2011419,G3000223,4.0,4.0
2,I2011419,G3000303,8.0,8.0
2,I2011419,G3000309,8.0,8.0
2,I2011419,G3001126,2.0,2.0
2,I2011419,G3001749,2.0,2.0
2,I2011419,G3008085,8.0,8.0
2,I2011419,I1008714,2.0,2.0
3,I1008714,G2000183,0.39,0.78
3,I1008714,G2000183,0.26,0.52
3,I1008714,G2000183,0.13,0.26
2,I2011419,I1022639,4.0,4.0
3,I1022639,G2005885,1.48,5.92
2,I2011419,I1022653,1.0,1.0
3,I1022653,G2005887,1.81,1.81
2,I2011419,I1022660,1.0,1.0
3,I1022660,G1017788,1.0,1.0
2,I2011419,I1022780,1.0,1.0
3,I1022780,G2005932,0.8,0.8
2,I2011419,I1034317,1.0,1.0
3,I1034317,G2005798,0.18,0.18
2,I2011419,I1034318,2.0,2.0
3,I1034318,G2005798,0.28,0.56
2,I2011419,I1034320,1.0,1.0
3,I1034320,G2005882,2.87,2.87
2,I2011419,I1034333,1.0,1.0
3,I1034333,G2005798,0.31,0.31
2,I2011419,I1034334,1.0,1.0
3,I1034334,G2005798,0.23,0.23
2,I2011419,I1034339,1.0,1.0
3,I1034339,G2005798,0.74,0.74
2,I2011419,I2014538,4.0,4.0
3,I2014538,G3000951,4.0,16.0
3,I2014538,G3001067,4.0,16.0
3,I2014538,G3007840,4.0,16.0
3,I2014538,G3000951,2.0,8.0
3,I2014538,G3001067,2.0,8.0
3,I2014538,G3007840,2.0,8.0
3,I2014538,G3000951,24.0,96.0
3,I2014538,G3001067,24.0,96.0
3,I2014538,G3007840,24.0,96.0
3,I2014538,G3000951,45.0,180.0
3,I2014538,G3001067,45.0,180.0
3,I2014538,G3007840,45.0,180.0
1,I3001192,I2011431,1.0,1.0
2,I2011431,G1005488,1.0,1.0
2,I2011431,G1006570,1.0,1.0
2,I2011431,G1007398,1.0,1.0
2,I2011431,G1007415,2.0,2.0
2,I2011431,G1019910,1.0,1.0
2,I2011431,G3000312,4.0,4.0
2,I2011431,G3004555,4.0,4.0
2,I2011431,I1007764,1.0,1.0
3,I1007764,G2005868,0.25,0.25
3,I1007764,G2005868,0.5,0.5
2,I2011431,I1017531,1.0,1.0
3,I1017531,G2005883,0.75,0.75
2,I2011431,I1025370,1.0,1.0
3,I1025370,G2005883,0.82,0.82
2,I2011431,I1031672,1.0,1.0
3,I1031672,G2007032,0.19,0.19
3,I1031672,G2007032,0.38,0.38
2,I2011431,I1033329,1.0,1.0
3,I1033329,G1009208,1.0,1.0
2,I2011431,I1034222,1.0,1.0
3,I1034222,G2005931,0.96,0.96
2,I2011431,I1034225,1.0,1.0
3,I1034225,G2005887,8.8,8.8
2,I2011431,I1034291,1.0,1.0
3,I1034291,G1017788,1.0,1.0
2,I2011431,I1044934,1.0,1.0
3,I1044934,G2005932,0.74,0.74
2,I2011431,I2011115,1.0,1.0
3,I2011115,G1009849,2.0,2.0
3,I2011115,G1009865,1.0,1.0
3,I2011115,G1021152,1.0,1.0
3,I2011115,I1008712,1.0,1.0
4,I1008712,G2005798,0.18,0.18
2,I2011431,I2013558,4.0,4.0
3,I2013558,G3002236,16.0,64.0
3,I2013558,G3007835,16.0,64.0
3,I2013558,G3002236,4.0,16.0
3,I2013558,G3007835,4.0,16.0
3,I2013558,G3002236,48.0,192.0
3,I2013558,G3007835,48.0,192.0
2,I2011431,I2013694,6.0,6.0
3,I2013694,G3004344,6.0,36.0
3,I2013694,G3007835,6.0,36.0
3,I2013694,G3004344,8.0,48.0
3,I2013694,G3007835,8.0,48.0
2,I2011431,I2014538,2.0,2.0
3,I2014538,G3000951,4.0,8.0
3,I2014538,G3001067,4.0,8.0
3,I2014538,G3007840,4.0,8.0
3,I2014538,G3000951,2.0,4.0
3,I2014538,G3001067,2.0,4.0
3,I2014538,G3007840,2.0,4.0
3,I2014538,G3000951,24.0,48.0
3,I2014538,G3001067,24.0,48.0
3,I2014538,G3007840,24.0,48.0
3,I2014538,G3000951,45.0,90.0
3,I2014538,G3001067,45.0,90.0
3,I2014538,G3007840,45.0,90.0
1,I3001192,I2011447,1.0,1.0
2,I2011447,G1005312,1.0,1.0
2,I2011447,G1006570,3.0,3.0
2,I2011447,G1009085,2.0,2.0
2,I2011447,G1009086,2.0,2.0
2,I2011447,G1009208,2.0,2.0
2,I2011447,I1031664,2.0,2.0
3,I1031664,G2005934,2.38,4.76
2,I2011447,I1031672,2.0,2.0
3,I1031672,G2007032,0.19,0.38
3,I1031672,G2007032,0.38,0.76
2,I2011447,I1033644,2.0,2.0
3,I1033644,G2005707,0.62,1.24
2,I2011447,I1034280,1.0,1.0
3,I1034280,G2007032,0.75,0.75
2,I2011447,I1034281,1.0,1.0
3,I1034281,G2007032,0.231,0.231
2,I2011447,I1034445,1.0,1.0
3,I1034445,G1014966,0.15,0.15
2,I2011447,I1034446,1.0,1.0
3,I1034446,G1014966,0.2,0.2
2,I2011447,I2013694,8.0,8.0
3,I2013694,G3004344,6.0,48.0
3,I2013694,G3007835,6.0,48.0
3,I2013694,G3004344,8.0,64.0
3,I2013694,G3007835,8.0,64.0
1,I3001192,I2011454,1.0,1.0
2,I2011454,I1034302,2.0,2.0
3,I1034302,G2005887,42.08,84.16
2,I2011454,I2011418,2.0,2.0
3,I2011418,G1001230,2.0,4.0
3,I2011418,G1001640,2.0,4.0
3,I2011418,G1007287,2.0,4.0
3,I2011418,G1009172,8.0,16.0
3,I2011418,G1009267,2.0,4.0
3,I2011418,G1009849,2.0,4.0
3,I2011418,G1022588,2.0,4.0
3,I2011418,G3003418,8.0,16.0
3,I2011418,G3010420,8.0,16.0
3,I2011418,I1007325,4.0,8.0
4,I1007325,G2000069,0.28,2.24
4,I1007325,G2000069,0.48,3.84
4,I1007325,G2000069,0.16,1.28
4,I1007325,G2000069,0.24,1.92
3,I2011418,I1007328,2.0,4.0
4,I1007328,G2000073,0.48,1.92
4,I1007328,G2000073,0.32,1.28
4,I1007328,G2000073,0.16,0.64
3,I2011418,I1007333,8.0,16.0
4,I1007333,G2005887,1.44,23.04
4,I1007333,G2005887,0.72,11.52
3,I2011418,I1007691,2.0,4.0
4,I1007691,G2005707,0.3,1.2
4,I1007691,G2005707,0.15,0.6
3,I2011418,I1007692,2.0,4.0
4,I1007692,G2005887,0.3,1.2
4,I1007692,G2005887,0.15,0.6
3,I2011418,I1031632,2.0,4.0
4,I1031632,G2000076,0.64,2.56
3,I2011418,I1032312,8.0,16.0
4,I1032312,G1015402,0.0448,0.7168
3,I2011418,I1034196,2.0,4.0
4,I1034196,G2005931,51.38,205.52
3,I2011418,I1034197,2.0,4.0
4,I1034197,G2005931,46.9,187.6
3,I2011418,I1034300,2.0,4.0
4,I1034300,G2005887,33.98,135.92
3,I2011418,I1034301,2.0,4.0
4,I1034301,G2005931,21.38,85.52
3,I2011418,I1034310,2.0,4.0
4,I1034310,G2005931,51.3,205.2
3,I2011418,I1034328,2.0,4.0
4,I1034328,G2005931,46.9,187.6
3,I2011418,I2010748,8.0,16.0
4,I2010748,I1032321,8.0,128.0
5,I1032321,G2005931,3.92,501.76
4,I2010748,I1032322,8.0,128.0
5,I1032322,G2005887,5.84,747.52
3,I2011418,I2011459,2.0,4.0
4,I2011459,G1006118,4.0,16.0
4,I2011459,I1008838,2.0,8.0
5,I1008838,G1012232,5.235,41.88
5,I1008838,G1012232,3.49,27.92
1,I3001192,I2011471,1.0,1.0
2,I2011471,G1001640,2.0,2.0
2,I2011471,G1002333,2.0,2.0
2,I2011471,G1002666,2.0,2.0
2,I2011471,G1004651,8.0,8.0
2,I2011471,G1007287,4.0,4.0
2,I2011471,G1007398,1.0,1.0
2,I2011471,G1008721,1.0,1.0
2,I2011471,G1009097,1.0,1.0
2,I2011471,G1009849,3.0,3.0
2,I2011471,G1009865,1.0,1.0
2,I2011471,G1017483,1.0,1.0
2,I2011471,G1018184,1.0,1.0
2,I2011471,G1018205,1.0,1.0
2,I2011471,G1021152,1.0,1.0
2,I2011471,G3000223,4.0,4.0
2,I2011471,G3000303,8.0,8.0
2,I2011471,G3000309,8.0,8.0
2,I2011471,G3001126,2.0,2.0
2,I2011471,G3001749,2.0,2.0
2,I2011471,G3008085,8.0,8.0
2,I2011471,I1008714,2.0,2.0
3,I1008714,G2000183,0.39,0.78
3,I1008714,G2000183,0.26,0.52
3,I1008714,G2000183,0.13,0.26
2,I2011471,I1022639,4.0,4.0
3,I1022639,G2005885,1.48,5.92
2,I2011471,I1022653,1.0,1.0
3,I1022653,G2005887,1.81,1.81
2,I2011471,I1022660,1.0,1.0
3,I1022660,G1017788,1.0,1.0
2,I2011471,I1022780,1.0,1.0
3,I1022780,G2005932,0.8,0.8
2,I2011471,I1034317,1.0,1.0
3,I1034317,G2005798,0.18,0.18
2,I2011471,I1034318,2.0,2.0
3,I1034318,G2005798,0.28,0.56
2,I2011471,I1034333,1.0,1.0
3,I1034333,G2005798,0.31,0.31
2,I2011471,I1034334,1.0,1.0
3,I1034334,G2005798,0.23,0.23
2,I2011471,I1034339,1.0,1.0
3,I1034339,G2005798,0.74,0.74
2,I2011471,I1034349,1.0,1.0
3,I1034349,G2005931,6.7,6.7
2,I2011471,I2014538,4.0,4.0
3,I2014538,G3000951,4.0,16.0
3,I2014538,G3001067,4.0,16.0
3,I2014538,G3007840,4.0,16.0
3,I2014538,G3000951,2.0,8.0
3,I2014538,G3001067,2.0,8.0
3,I2014538,G3007840,2.0,8.0
3,I2014538,G3000951,24.0,96.0
3,I2014538,G3001067,24.0,96.0
3,I2014538,G3007840,24.0,96.0
3,I2014538,G3000951,45.0,180.0
3,I2014538,G3001067,45.0,180.0
3,I2014538,G3007840,45.0,180.0
1,I3001192,I2015513,1.0,1.0
2,I2015513,I2007576,1.0,1.0
3,I2007576,G3002554,2.0,2.0
3,I2007576,G3006212,2.0,2.0
3,I2007576,I1024108,1.0,1.0
4,I1024108,G1000584,0.15,0.15
2,I2015513,I2015512,10.0,10.0
3,I2015512,G1003139,10.0,100.0
3,I2015512,G1009662,10.0,100.0
3,I2015512,G1013109,20.0,200.0
3,I2015512,G3000314,20.0,200.0
3,I2015512,G3013059,30.0,300.0
1,I3001192,I2015518,3.0,3.0
2,I2015518,G1002811,12.0,36.0
2,I2015518,I1007209,6.0,18.0
3,I1007209,G2005882,11.22,201.96
2,I2015518,I1007213,6.0,18.0
3,I1007213,G2005882,0.6,10.799999999999999
3,I1007213,G2005882,0.9,16.2
2,I2015518,I1008468,6.0,18.0
3,I1008468,G1000333,7.5,135.0
2,I2015518,I1011585,6.0,18.0
3,I1011585,G2005882,14.46,260.28000000000003
2,I2015518,I2013558,48.0,144.0
3,I2013558,G3002236,16.0,2304.0
3,I2013558,G3007835,16.0,2304.0
3,I2013558,G3002236,4.0,576.0
3,I2013558,G3007835,4.0,576.0
3,I2013558,G3002236,48.0,6912.0
3,I2013558,G3007835,48.0,6912.0
1,I3001192,I2015599,1.0,1.0
2,I2015599,G1015172,1.0,1.0
2,I2015599,I1007726,1.0,1.0
3,I1007726,G2005931,13.65,13.65
2,I2015599,I2002654,1.0,1.0
3,I2002654,G1002611,1.0,1.0
3,I2002654,G1009107,1.0,1.0
3,I2002654,G1009210,1.0,1.0
3,I2002654,G1009268,1.0,1.0
3,I2002654,G3000312,4.0,4.0
3,I2002654,G3000951,8.0,8.0
3,I2002654,G3001012,4.0,4.0
3,I2002654,G3001107,4.0,4.0
3,I2002654,G3001128,8.0,8.0
3,I2002654,G3004553,4.0,4.0
3,I2002654,G3008736,1.0,1.0
3,I2002654,G3009026,1.0,1.0
3,I2002654,G3010140,1.0,1.0
3,I2002654,I1007328,1.0,1.0
4,I1007328,G2000073,0.48,0.48
4,I1007328,G2000073,0.32,0.32
4,I1007328,G2000073,0.16,0.16
3,I2002654,I1007627,2.0,2.0
4,I1007627,G2005882,13.62,27.24
3,I2002654,I1007628,1.0,1.0
4,I1007628,G2005882,13.03,13.03
3,I2002654,I1007631,2.0,2.0
4,I1007631,G2005882,1.66,3.32
3,I2002654,I1007764,2.0,2.0
4,I1007764,G2005868,0.25,0.5
4,I1007764,G2005868,0.5,1.0
3,I2002654,I1008709,1.0,1.0
4,I1008709,G2005798,0.12,0.12
3,I2002654,I1008712,1.0,1.0
4,I1008712,G2005798,0.18,0.18
3,I2002654,I1030355,1.0,1.0
4,I1030355,G2005932,2.11,2.11
3,I2002654,I1030395,2.0,2.0
4,I1030395,G2005882,0.22,0.44
3,I2002654,I1030396,1.0,1.0
4,I1030396,G2005887,0.33,0.33
3,I2002654,I1030397,1.0,1.0
4,I1030397,G2005882,4.66,4.66
3,I2002654,I2003251,2.0,2.0
4,I2003251,I1007630,2.0,4.0
5,I1007630,G2005887,10.0,40.0
4,I2003251,I1007632,2.0,4.0
5,I1007632,G2005887,9.32,37.28
2,I2015599,I2002873,1.0,1.0
3,I2002873,G1000553,2.0,2.0
3,I2002873,G1001538,1.0,1.0
3,I2002873,G1001870,2.0,2.0
3,I2002873,G1003793,2.0,2.0
3,I2002873,G3000328,4.0,4.0
3,I2002873,I1006836,2.0,2.0
4,I1006836,G2005887,16.68,33.36
3,I2002873,I1006837,2.0,2.0
4,I1006837,G2005887,3.48,6.96
3,I2002873,I1006845,2.0,2.0
4,I1006845,G2000082,1.1,2.2
3,I2002873,I1012135,1.0,1.0
4,I1012135,G2005932,0.09,0.09
3,I2002873,I2009925,1.0,1.0
4,I2009925,G1000553,2.0,2.0
4,I2009925,I1006841,1.0,1.0
5,I1006841,G2005887,51.11,51.11
4,I2009925,I1006842,1.0,1.0
5,I1006842,G2005931,3.63,3.63
4,I2009925,I1006843,1.0,1.0
5,I1006843,G2005931,4.29,4.29
4,I2009925,I1006844,1.0,1.0
5,I1006844,G2005931,4.29,4.29
4,I2009925,I2002874,2.0,2.0
5,I2002874,I1006838,2.0,4.0
6,I1006838,G2005887,8.6,34.4
5,I2002874,I1006839,2.0,4.0
6,I1006839,G2005887,8.6,34.4
5,I2002874,I1006840,2.0,4.0
6,I1006840,G2005798,0.4,1.6
5,I2002874,I1008286,2.0,4.0
6,I1008286,G2005882,0.32,1.28
2,I2015599,I2003159,1.0,1.0
3,I2003159,G1004660,2.0,2.0
3,I2003159,G3000325,2.0,2.0
3,I2003159,G3004330,2.0,2.0
3,I2003159,I1007715,1.0,1.0
4,I1007715,G2005882,0.23,0.23
3,I2003159,I1009143,1.0,1.0
4,I1009143,G2005882,0.25,0.25
2,I2015599,I2007882,1.0,1.0
3,I2007882,G1007287,1.0,1.0
3,I2007882,G1009268,2.0,2.0
3,I2007882,G1022571,1.0,1.0
3,I2007882,G3000312,4.0,4.0
3,I2007882,G3000951,8.0,8.0
3,I2007882,G3001012,4.0,4.0
3,I2007882,G3001107,4.0,4.0
3,I2007882,G3001128,8.0,8.0
3,I2007882,G3004553,4.0,4.0
3,I2007882,I1007328,2.0,2.0
4,I1007328,G2000073,0.48,0.96
4,I1007328,G2000073,0.32,0.64
4,I1007328,G2000073,0.16,0.32
3,I2007882,I1007630,2.0,2.0
4,I1007630,G2005887,10.0,20.0
3,I2007882,I1007631,2.0,2.0
4,I1007631,G2005882,1.66,3.32
3,I2007882,I1007632,2.0,2.0
4,I1007632,G2005887,9.32,18.64
3,I2007882,I1007691,1.0,1.0
4,I1007691,G2005707,0.3,0.3
4,I1007691,G2005707,0.15,0.15
3,I2007882,I1007692,1.0,1.0
4,I1007692,G2005887,0.3,0.3
4,I1007692,G2005887,0.15,0.15
3,I2007882,I1008714,1.0,1.0
4,I1008714,G2000183,0.39,0.39
4,I1008714,G2000183,0.26,0.26
4,I1008714,G2000183,0.13,0.13
3,I2007882,I1024631,2.0,2.0
4,I1024631,G2005882,14.1,28.2
3,I2007882,I1024632,1.0,1.0
4,I1024632,G2005931,34.35,34.35
3,I2007882,I1024633,1.0,1.0
4,I1024633,G2005882,6.07,6.07
2,I2015599,I2015526,1.0,1.0
3,I2015526,I1044369,4.0,4.0
4,I1044369,G2005883,9.28,37.12
3,I2015526,I2009382,4.0,4.0
4,I2009382,G1009172,4.0,16.0
4,I2009382,G1014845,8.0,32.0
4,I2009382,G3003418,4.0,16.0
4,I2009382,G3005252,8.0,32.0
4,I2009382,G3010420,4.0,16.0
4,I2009382,I1007333,4.0,16.0
5,I1007333,G2005887,1.44,23.04
5,I1007333,G2005887,0.72,11.52
4,I2009382,I1013437,4.0,16.0
5,I1013437,G1015402,0.52,8.32
5,I1013437,G1015402,1.3,20.8
4,I2009382,I2004917,4.0,16.0
5,I2004917,I1007331,8.0,128.0
6,I1007331,G2005887,1.76,225.28
6,I1007331,G2005887,4.4,563.2
5,I2004917,I1014052,4.0,64.0
6,I1014052,G2005887,5.12,327.68
6,I1014052,G2005887,12.8,819.2
5,I2004917,I1007331,20.0,320.0
6,I1007331,G2005887,1.76,563.2
6,I1007331,G2005887,4.4,1408.0
5,I2004917,I1014052,10.0,160.0
6,I1014052,G2005887,5.12,819.2
6,I1014052,G2005887,12.8,2048.0
4,I2009382,I2009383,4.0,16.0
5,I2009383,I1007331,8.0,128.0
6,I1007331,G2005887,1.76,225.28
6,I1007331,G2005887,4.4,563.2
5,I2009383,I1028648,4.0,64.0
6,I1028648,G2005887,5.04,322.56
6,I1028648,G2005887,12.6,806.4
5,I2009383,I1007331,20.0,320.0
6,I1007331,G2005887,1.76,563.2
6,I1007331,G2005887,4.4,1408.0
5,I2009383,I1028648,10.0,160.0
6,I1028648,G2005887,5.04,806.4
6,I1028648,G2005887,12.6,2016.0
3,I2015526,I2015527,10.0,10.0
4,I2015527,G1016221,10.0,100.0
4,I2015527,G3010420,10.0,100.0
4,I2015527,I1013437,10.0,100.0
5,I1013437,G1015402,0.52,52.0
5,I1013437,G1015402,1.3,130.0
4,I2015527,I2004917,10.0,100.0
5,I2004917,I1007331,8.0,800.0
6,I1007331,G2005887,1.76,1408.0
6,I1007331,G2005887,4.4,3520.0000000000005
5,I2004917,I1014052,4.0,400.0
6,I1014052,G2005887,5.12,2048.0
6,I1014052,G2005887,12.8,5120.0
5,I2004917,I1007331,20.0,2000.0
6,I1007331,G2005887,1.76,3520.0
6,I1007331,G2005887,4.4,8800.0
5,I2004917,I1014052,10.0,1000.0
6,I1014052,G2005887,5.12,5120.0
6,I1014052,G2005887,12.8,12800.0
4,I2015527,I2009383,10.0,100.0
5,I2009383,I1007331,8.0,800.0
6,I1007331,G2005887,1.76,1408.0
6,I1007331,G2005887,4.4,3520.0000000000005
5,I2009383,I1028648,4.0,400.0
6,I1028648,G2005887,5.04,2016.0
6,I1028648,G2005887,12.6,5040.0
5,I2009383,I1007331,20.0,2000.0
6,I1007331,G2005887,1.76,3520.0
6,I1007331,G2005887,4.4,8800.0
5,I2009383,I1028648,10.0,1000.0
6,I1028648,G2005887,5.04,5040.0
6,I1028648,G2005887,12.6,12600.0
2,I2015599,I2015597,1.0,1.0
3,I2015597,I1044444,2.0,2.0
4,I1044444,G2005931,1.68,3.36
3,I2015597,I1044637,4.0,4.0
4,I1044637,G2005931,3.72,14.88
3,I2015597,I2014538,24.0,24.0
4,I2014538,G3000951,4.0,96.0
4,I2014538,G3001067,4.0,96.0
4,I2014538,G3007840,4.0,96.0
4,I2014538,G3000951,2.0,48.0
4,I2014538,G3001067,2.0,48.0
4,I2014538,G3007840,2.0,48.0
4,I2014538,G3000951,24.0,576.0
4,I2014538,G3001067,24.0,576.0
4,I2014538,G3007840,24.0,576.0
4,I2014538,G3000951,45.0,1080.0
4,I2014538,G3001067,45.0,1080.0
4,I2014538,G3007840,45.0,1080.0
3,I2015597,I2015352,6.0,6.0
4,I2015352,G1005032,6.0,36.0
4,I2015352,G3001079,6.0,36.0
4,I2015352,G3001126,6.0,36.0
3,I2015597,I2015551,6.0,6.0
4,I2015551,G3001079,6.0,36.0
4,I2015551,G3001126,6.0,36.0
4,I2015551,G3002567,6.0,36.0
4,I2015551,G3001079,8.0,48.0
4,I2015551,G3001126,8.0,48.0
4,I2015551,G3002567,8.0,48.0
3,I2015597,I2015596,1.0,1.0
4,I2015596,I1027861,1.0,1.0
5,I1027861,G2005931,0.16,0.16
5,I1027861,G2005931,1.28,1.28
4,I2015596,I1044626,1.0,1.0
5,I1044626,G2005932,13.14,13.14
4,I2015596,I1044627,1.0,1.0
5,I1044627,G2005932,8.24,8.24
4,I2015596,I1044628,1.0,1.0
5,I1044628,G2005932,8.24,8.24
4,I2015596,I1044629,1.0,1.0
5,I1044629,G2005932,3.44,3.44
4,I2015596,I1044630,1.0,1.0
5,I1044630,G2005931,0.53,0.53
4,I2015596,I1044631,1.0,1.0
5,I1044631,G2005932,8.79,8.79
4,I2015596,I2015554,1.0,1.0
5,I2015554,G1009112,1.0,1.0
5,I2015554,G3000328,8.0,8.0
5,I2015554,G3006035,2.0,2.0
5,I2015554,G3010009,2.0,2.0
5,I2015554,I1044484,1.0,1.0
6,I1044484,G2005932,6.19,6.19
5,I2015554,I1044488,1.0,1.0
6,I1044488,G1009109,2.145,2.145
5,I2015554,I2013255,1.0,1.0
6,I2013255,G1005029,1.0,1.0
6,I2013255,G3004428,1.0,1.0
6,I2013255,I1006833,2.0,2.0
7,I1006833,G2005882,0.08,0.16
7,I1006833,G2005882,0.32,0.64
7,I1006833,G2005882,0.24,0.48
6,I2013255,I1038970,1.0,1.0
7,I1038970,G2005887,0.21,0.21
7,I1038970,G2005887,0.84,0.84
7,I1038970,G2005887,0.63,0.63
6,I2013255,I1038971,2.0,2.0
7,I1038971,G2000064,0.02,0.04
7,I1038971,G2000064,0.08,0.16
7,I1038971,G2000064,0.06,0.12
6,I2013255,G1005029,4.0,4.0
6,I2013255,G3004428,4.0,4.0
6,I2013255,I1006833,8.0,8.0
7,I1006833,G2005882,0.08,0.64
7,I1006833,G2005882,0.32,2.56
7,I1006833,G2005882,0.24,1.92
6,I2013255,I1038970,4.0,4.0
7,I1038970,G2005887,0.21,0.84
7,I1038970,G2005887,0.84,3.36
7,I1038970,G2005887,0.63,2.52
6,I2013255,I1038971,8.0,8.0
7,I1038971,G2000064,0.02,0.16
7,I1038971,G2000064,0.08,0.64
7,I1038971,G2000064,0.06,0.48
6,I2013255,G1005029,3.0,3.0
6,I2013255,G3004428,3.0,3.0
6,I2013255,I1006833,6.0,6.0
7,I1006833,G2005882,0.08,0.48
7,I1006833,G2005882,0.32,1.92
7,I1006833,G2005882,0.24,1.44
6,I2013255,I1038970,3.0,3.0
7,I1038970,G2005887,0.21,0.63
7,I1038970,G2005887,0.84,2.52
7,I1038970,G2005887,0.63,1.8900000000000001
6,I2013255,I1038971,6.0,6.0
7,I1038971,G2000064,0.02,0.12
7,I1038971,G2000064,0.08,0.48
7,I1038971,G2000064,0.06,0.36
5,I2015554,I2015556,1.0,1.0
6,I2015556,I1007211,2.0,2.0
7,I1007211,G2005696,0.082,0.164
7,I1007211,G2005696,0.492,0.984
7,I1007211,G2005696,0.123,0.246
6,I2015556,I1007212,2.0,2.0
7,I1007212,G2005882,0.14,0.28
7,I1007212,G2005882,0.84,1.68
7,I1007212,G2005882,0.21,0.42
6,I2015556,I1008779,1.0,1.0
7,I1008779,G2000054,0.24,0.24
7,I1008779,G2000054,0.96,0.96
6,I2015556,I1044491,1.0,1.0
7,I1044491,G2000054,0.53,0.53
4,I2015596,I2015555,1.0,1.0
5,I2015555,G3006035,2.0,2.0
5,I2015555,I1044489,1.0,1.0
6,I1044489,G2005932,6.7,6.7
5,I2015555,I1044490,1.0,1.0
6,I1044490,G1009109,1.566,1.566
5,I2015555,I2013255,1.0,1.0
6,I2013255,G1005029,1.0,1.0
6,I2013255,G3004428,1.0,1.0
6,I2013255,I1006833,2.0,2.0
7,I1006833,G2005882,0.08,0.16
7,I1006833,G2005882,0.32,0.64
7,I1006833,G2005882,0.24,0.48
6,I2013255,I1038970,1.0,1.0
7,I1038970,G2005887,0.21,0.21
7,I1038970,G2005887,0.84,0.84
7,I1038970,G2005887,0.63,0.63
6,I2013255,I1038971,2.0,2.0
7,I1038971,G2000064,0.02,0.04
7,I1038971,G2000064,0.08,0.16
7,I1038971,G2000064,0.06,0.12
6,I2013255,G1005029,4.0,4.0
6,I2013255,G3004428,4.0,4.0
6,I2013255,I1006833,8.0,8.0
7,I1006833,G2005882,0.08,0.64
7,I1006833,G2005882,0.32,2.56
7,I1006833,G2005882,0.24,1.92
6,I2013255,I1038970,4.0,4.0
7,I1038970,G2005887,0.21,0.84
7,I1038970,G2005887,0.84,3.36
7,I1038970,G2005887,0.63,2.52
6,I2013255,I1038971,8.0,8.0
7,I1038971,G2000064,0.02,0.16
7,I1038971,G2000064,0.08,0.64
7,I1038971,G2000064,0.06,0.48
6,I2013255,G1005029,3.0,3.0
6,I2013255,G3004428,3.0,3.0
6,I2013255,I1006833,6.0,6.0
7,I1006833,G2005882,0.08,0.48
7,I1006833,G2005882,0.32,1.92
7,I1006833,G2005882,0.24,1.44
6,I2013255,I1038970,3.0,3.0
7,I1038970,G2005887,0.21,0.63
7,I1038970,G2005887,0.84,2.52
7,I1038970,G2005887,0.63,1.8900000000000001
6,I2013255,I1038971,6.0,6.0
7,I1038971,G2000064,0.02,0.12
7,I1038971,G2000064,0.08,0.48
7,I1038971,G2000064,0.06,0.36
3,I2015597,I2015598,1.0,1.0
4,I2015598,I1044632,3.0,3.0
5,I1044632,G2005887,10.62,31.86
4,I2015598,I1044633,2.0,2.0
5,I1044633,G2005887,19.18,38.36
4,I2015598,I1044636,2.0,2.0
5,I1044636,G2005887,12.84,25.68
1,I3001192,I2015606,1.0,1.0
2,I2015606,G1002876,1.0,1.0
2,I2015606,G1008467,1.0,1.0
2,I2015606,G1022048,7.0,7.0
2,I2015606,I1043206,2.0,2.0
3,I1043206,G2005931,1.66,3.32
2,I2015606,I2013694,8.0,8.0
3,I2013694,G3004344,6.0,48.0
3,I2013694,G3007835,6.0,48.0
3,I2013694,G3004344,8.0,64.0
3,I2013694,G3007835,8.0,64.0
2,I2015606,I2015098,1.0,1.0
3,I2015098,G1024104,1.0,1.0
3,I2015098,G1024105,1.0,1.0
3,I2015098,G1024106,2.0,2.0
3,I2015098,I1043097,1.0,1.0
4,I1043097,G1008467,2.75,2.75
1,I3001192,I2015608,1.0,1.0
2,I2015608,G1005520,2.0,2.0
2,I2015608,G1009212,2.0,2.0
2,I2015608,G1009213,2.0,2.0
2,I2015608,G1009214,4.0,4.0
2,I2015608,G1009219,2.0,2.0
2,I2015608,G1009228,3.0,3.0
2,I2015608,G1012070,1.0,1.0
2,I2015608,G1012071,1.0,1.0
2,I2015608,G1012072,1.0,1.0
2,I2015608,G3016900,1.0,1.0
2,I2015608,I1008709,1.0,1.0
3,I1008709,G2005798,0.12,0.12
2,I2015608,I1008712,1.0,1.0
3,I1008712,G2005798,0.18,0.18
2,I2015608,I1008775,5.0,5.0
3,I1008775,G2005931,0.9,4.5
2,I2015608,I1033181,1.0,1.0
3,I1033181,G2005882,17.56,17.56
2,I2015608,I1033404,1.0,1.0
3,I1033404,G2005882,11.97,11.97
2,I2015608,I2007529,3.0,3.0
3,I2007529,I1008783,3.0,9.0
4,I1008783,G2005882,2.01,18.089999999999996
3,I2007529,I1008784,3.0,9.0
4,I1008784,G2005882,0.06,0.54
3,I2007529,I1024009,3.0,9.0
4,I1024009,G2005946,4.41,39.69
3,I2007529,I1024011,3.0,9.0
4,I1024011,G2005946,0.54,4.86
2,I2015608,I2011449,2.0,2.0
3,I2011449,G1003572,2.0,4.0
3,I2011449,I1034035,4.0,8.0
4,I1034035,G2000074,0.84,6.72
3,I2011449,I1034292,2.0,4.0
4,I1034292,G2005887,4.32,17.28
2,I2015608,I2014538,45.0,45.0
3,I2014538,G3000951,4.0,180.0
3,I2014538,G3001067,4.0,180.0
3,I2014538,G3007840,4.0,180.0
3,I2014538,G3000951,2.0,90.0
3,I2014538,G3001067,2.0,90.0
3,I2014538,G3007840,2.0,90.0
3,I2014538,G3000951,24.0,1080.0
3,I2014538,G3001067,24.0,1080.0
3,I2014538,G3007840,24.0,1080.0
3,I2014538,G3000951,45.0,2025.0
3,I2014538,G3001067,45.0,2025.0
3,I2014538,G3007840,45.0,2025.0
2,I2015608,I2015551,8.0,8.0
3,I2015551,G3001079,6.0,48.0
3,I2015551,G3001126,6.0,48.0
3,I2015551,G3002567,6.0,48.0
3,I2015551,G3001079,8.0,64.0
3,I2015551,G3001126,8.0,64.0
3,I2015551,G3002567,8.0,64.0
1,I3001192,I2015622,1.0,1.0
2,I2015622,I2004130,1.0,1.0
3,I2004130,I1006826,2.0,2.0
4,I1006826,G2005931,0.32,0.64
3,I2004130,I1006832,6.0,6.0
4,I1006832,G2006183,9.96,59.760000000000005
3,I2004130,I1007395,1.0,1.0
4,I1007395,G2005932,0.46,0.46
3,I2004130,I1011649,2.0,2.0
4,I1011649,G2000380,8.5,17.0
2,I2015622,I2010993,1.0,1.0
3,I2010993,G1004237,6.0,6.0
3,I2010993,G1005313,2.0,2.0
3,I2010993,G1006118,6.0,6.0
3,I2010993,G1007509,2.0,2.0
3,I2010993,G1009087,2.0,2.0
3,I2010993,G1009088,2.0,2.0
3,I2010993,G1009089,2.0,2.0
3,I2010993,G3000951,1.0,1.0
3,I2010993,G3001009,20.0,20.0
3,I2010993,G3001012,20.0,20.0
3,I2010993,G3011461,3.0,3.0
3,I2010993,I1007325,6.0,6.0
4,I1007325,G2000069,0.28,1.6800000000000002
4,I1007325,G2000069,0.48,2.88
4,I1007325,G2000069,0.16,0.96
4,I1007325,G2000069,0.24,1.44
3,I2010993,I1007328,3.0,3.0
4,I1007328,G2000073,0.48,1.44
4,I1007328,G2000073,0.32,0.96
4,I1007328,G2000073,0.16,0.48
3,I2010993,I1007355,1.0,1.0
4,I1007355,G2005931,4.85,4.85
3,I2010993,I1007356,2.0,2.0
4,I1007356,G2005887,12.74,25.48
3,I2010993,I1007361,1.0,1.0
4,I1007361,G2005931,3.08,3.08
3,I2010993,I1007364,2.0,2.0
4,I1007364,G2005887,0.66,1.32
3,I2010993,I1007365,2.0,2.0
4,I1007365,G2005931,1.08,2.16
3,I2010993,I1008687,1.0,1.0
4,I1008687,G2000815,0.08,0.08
3,I2010993,I1008691,1.0,1.0
4,I1008691,G2000815,0.12,0.12
3,I2010993,I1008693,1.0,1.0
4,I1008693,G2000815,0.57,0.57
3,I2010993,I1008714,1.0,1.0
4,I1008714,G2000183,0.39,0.39
4,I1008714,G2000183,0.26,0.26
4,I1008714,G2000183,0.13,0.13
3,I2010993,I1011607,1.0,1.0
4,I1011607,G2005931,34.42,34.42
3,I2010993,I1014068,1.0,1.0
4,I1014068,G2005931,4.9,4.9
3,I2010993,I1019430,1.0,1.0
4,I1019430,G2005931,224.49,224.49
3,I2010993,I1019442,1.0,1.0
4,I1019442,G2005931,182.97,182.97
3,I2010993,I1019444,1.0,1.0
4,I1019444,G2005931,224.49,224.49
3,I2010993,I1020786,1.0,1.0
4,I1020786,G2005931,224.38,224.38
3,I2010993,I1020897,4.0,4.0
4,I1020897,G2005931,1.0,4.0
3,I2010993,I1030256,1.0,1.0
4,I1030256,G2005887,324.94,324.94
3,I2010993,I1030258,5.0,5.0
4,I1030258,G2005931,333.4,1667.0
3,I2010993,I1030259,6.0,6.0
4,I1030259,G2005931,348.12,2088.7200000000003
3,I2010993,I1030260,1.0,1.0
4,I1030260,G2005931,224.32,224.32
3,I2010993,I1030261,3.0,3.0
4,I1030261,G3006610,4.545,13.635
3,I2010993,I1030262,1.0,1.0
4,I1030262,G2005931,12.11,12.11
3,I2010993,I1030283,2.0,2.0
4,I1030283,G2005883,2.28,4.56
3,I2010993,I1030284,1.0,1.0
4,I1030284,G2005693,3.85,3.85
3,I2010993,I1030285,1.0,1.0
4,I1030285,G2005693,4.64,4.64
3,I2010993,I1030286,1.0,1.0
4,I1030286,G2005693,5.61,5.61
3,I2010993,I1030287,2.0,2.0
4,I1030287,G2005887,1.74,3.48
3,I2010993,I1035963,1.0,1.0
4,I1035963,G2005887,78.29,78.29
3,I2010993,I2003175,3.0,3.0
4,I2003175,I1007357,6.0,18.0
5,I1007357,G2005931,7.2,129.6
4,I2003175,I1007358,3.0,9.0
5,I1007358,G2005931,18.21,163.89000000000001
4,I2003175,I1007366,3.0,9.0
5,I1007366,G2005931,10.38,93.42
3,I2010993,I2004105,2.0,2.0
4,I2004105,G1009243,16.0,32.0
4,I2004105,G3000312,16.0,32.0
4,I2004105,I1007368,2.0,4.0
5,I1007368,G2005883,3.02,12.08
2,I2015622,I2013298,1.0,1.0
3,I2013298,I1007382,4.0,4.0
4,I1007382,G2005931,0.92,3.68
3,I2013298,I1019456,1.0,1.0
4,I1019456,G2005887,76.08,76.08
3,I2013298,I1019457,2.0,2.0
4,I1019457,G2005887,152.84,305.68
3,I2013298,I1019459,5.0,5.0
4,I1019459,G2005931,20.75,103.75
3,I2013298,I1023689,2.0,2.0
4,I1023689,G2005931,27.32,54.64
3,I2013298,I1030282,8.0,8.0
4,I1030282,G2005931,83.28,666.24
3,I2013298,I1030288,1.0,1.0
4,I1030288,G2005931,8.99,8.99
3,I2013298,I1030298,1.0,1.0
4,I1030298,G2005931,0.89,0.89
3,I2013298,I1030299,1.0,1.0
4,I1030299,G2005887,75.52,75.52
3,I2013298,I1030357,10.0,10.0
4,I1030357,G2005931,38.4,384.0
3,I2013298,I1030358,6.0,6.0
4,I1030358,G2005931,23.46,140.76
3,I2013298,I1037600,2.0,2.0
4,I1037600,G2005931,0.62,1.24
3,I2013298,I1039077,2.0,2.0
4,I1039077,G2005931,27.28,54.56
3,I2013298,I1039081,2.0,2.0
4,I1039081,G2005931,20.34,40.68
3,I2013298,I1039411,1.0,1.0
4,I1039411,G2005931,8.26,8.26
3,I2013298,I1044225,2.0,2.0
4,I1044225,G2005931,3.58,7.16
3,I2013298,I1044226,2.0,2.0
4,I1044226,G2005931,3.38,6.76
2,I2015622,I2015623,1.0,1.0
3,I2015623,G1009160,4.0,4.0
3,I2015623,G1011097,2.0,2.0
3,I2015623,G3000214,2.0,2.0
3,I2015623,G3006035,4.0,4.0
3,I2015623,I1007341,8.0,8.0
4,I1007341,G2005932,34.48,275.84
3,I2015623,I1007374,2.0,2.0
4,I1007374,G2005932,11.58,23.16
3,I2015623,I1007375,2.0,2.0
4,I1007375,G2005932,11.64,23.28
3,I2015623,I1007393,6.0,6.0
4,I1007393,G2005932,0.72,4.32
3,I2015623,I1007394,6.0,6.0
4,I1007394,G2005932,1.14,6.84
3,I2015623,I1009137,1.0,1.0
4,I1009137,G2005882,1.2,1.2
3,I2015623,I1009670,1.0,1.0
4,I1009670,G2005882,2.4,2.4
3,I2015623,I1011583,6.0,6.0
4,I1011583,G2005882,5.52,33.12
3,I2015623,I1011589,15.0,15.0
4,I1011589,G2005882,10.77,161.54999999999998
3,I2015623,I1011628,24.0,24.0
4,I1011628,G2005932,0.24,5.76
3,I2015623,I1011757,1.0,1.0
4,I1011757,G2005882,1.37,1.37
3,I2015623,I1015093,6.0,6.0
4,I1015093,G2005932,265.86,1595.16
3,I2015623,I1015096,1.0,1.0
4,I1015096,G2005882,42.48,42.48
3,I2015623,I1015097,1.0,1.0
4,I1015097,G2005882,42.48,42.48
3,I2015623,I1019463,1.0,1.0
4,I1019463,G2005882,60.66,60.66
3,I2015623,I1027861,8.0,8.0
4,I1027861,G2005931,0.16,1.28
4,I1027861,G2005931,1.28,10.24
3,I2015623,I1028231,4.0,4.0
4,I1028231,G2005931,7.52,30.08
3,I2015623,I1033068,1.0,1.0
4,I1033068,G2005882,28.09,28.09
3,I2015623,I1033701,2.0,2.0
4,I1033701,G2005931,5.84,11.68
3,I2015623,I1035296,4.0,4.0
4,I1035296,G2005882,4.12,16.48
3,I2015623,I1039053,1.0,1.0
4,I1039053,G2005882,21.76,21.76
3,I2015623,I1039058,1.0,1.0
4,I1039058,G2005882,15.07,15.07
3,I2015623,I1039059,1.0,1.0
4,I1039059,G2005882,49.55,49.55
3,I2015623,I1039061,1.0,1.0
4,I1039061,G2005882,60.34,60.34
3,I2015623,I1039075,1.0,1.0
4,I1039075,G2005882,60.77,60.77
3,I2015623,I1039079,1.0,1.0
4,I1039079,G2005882,21.76,21.76
3,I2015623,I1039080,1.0,1.0
4,I1039080,G2005882,60.79,60.79
3,I2015623,I1039220,1.0,1.0
4,I1039220,G2005882,42.48,42.48
3,I2015623,I1039222,1.0,1.0
4,I1039222,G2005882,42.48,42.48
3,I2015623,I1039757,3.0,3.0
4,I1039757,G2000473,1.56,4.68
4,I1039757,G2000473,3.64,10.92
3,I2015623,I1040658,3.0,3.0
4,I1040658,G2000473,4.56,13.68
3,I2015623,I1040678,1.0,1.0
4,I1040678,G2000473,0.36,0.36
3,I2015623,I1044222,4.0,4.0
4,I1044222,G2005931,7.52,30.08
3,I2015623,I2010982,2.0,2.0
4,I2010982,G3001751,4.0,8.0
4,I2010982,I1007554,2.0,4.0
5,I1007554,G2005931,4.88,19.52
3,I2015623,I2011422,1.0,1.0
4,I2011422,G1003426,4.0,4.0
4,I2011422,I1034201,1.0,1.0
5,I1034201,G2005882,3.33,3.33
4,I2011422,I1034202,1.0,1.0
5,I1034202,G2005882,13.98,13.98
4,I2011422,I1034207,1.0,1.0
5,I1034207,G2005932,2.65,2.65
4,I2011422,I1034208,1.0,1.0
5,I1034208,G2005882,10.55,10.55
4,I2011422,I1034209,4.0,4.0
5,I1034209,G2005882,2.84,11.36
4,I2011422,I1034210,1.0,1.0
5,I1034210,G2005882,10.93,10.93
4,I2011422,I1034258,1.0,1.0
5,I1034258,G2005882,9.86,9.86
4,I2011422,I2011423,2.0,2.0
5,I2011423,I1034203,2.0,4.0
6,I1034203,G2006084,12.56,50.24
5,I2011423,I2011443,2.0,4.0
6,I2011443,I1015079,2.0,8.0
7,I1015079,G2005931,0.2,1.6
6,I2011443,I1015080,4.0,16.0
7,I1015080,G2005931,0.16,2.56
6,I2011443,I1034262,2.0,8.0
7,I1034262,G2006399,0.08,0.64
6,I2011443,I1034263,2.0,8.0
7,I1034263,G2000053,0.1,0.8
3,I2015623,I2015233,4.0,4.0
4,I2015233,G1009112,4.0,16.0
4,I2015233,G3000328,32.0,128.0
4,I2015233,G3006035,8.0,32.0
4,I2015233,G3010009,8.0,32.0
4,I2015233,I1007342,4.0,16.0
5,I1007342,G2005940,92.84,1485.44
4,I2015233,I1009007,4.0,16.0
5,I1009007,G1009109,16.06,256.96
5,I1009007,G1009109,4.015,64.24
4,I2015233,I2002647,4.0,16.0
5,I2002647,I1007210,4.0,64.0
6,I1007210,G2000054,6.36,407.04
6,I1007210,G2000054,1.59,101.76
5,I2002647,I1007211,12.0,192.0
6,I1007211,G2005696,0.082,15.744
6,I1007211,G2005696,0.492,94.464
6,I1007211,G2005696,0.123,23.616
5,I2002647,I1007212,12.0,192.0
6,I1007212,G2005882,0.14,26.880000000000003
6,I1007212,G2005882,0.84,161.28
6,I1007212,G2005882,0.21,40.32
5,I2002647,I1008779,4.0,64.0
6,I1008779,G2000054,0.24,15.36
6,I1008779,G2000054,0.96,61.44
5,I2002647,I1007210,1.0,16.0
6,I1007210,G2000054,6.36,101.76
6,I1007210,G2000054,1.59,25.44
5,I2002647,I1007211,3.0,48.0
6,I1007211,G2005696,0.082,3.936
6,I1007211,G2005696,0.492,23.616
6,I1007211,G2005696,0.123,5.904
5,I2002647,I1007212,3.0,48.0
6,I1007212,G2005882,0.14,6.720000000000001
6,I1007212,G2005882,0.84,40.32
6,I1007212,G2005882,0.21,10.08
5,I2002647,I1008779,1.0,16.0
6,I1008779,G2000054,0.24,3.84
6,I1008779,G2000054,0.96,15.36
4,I2015233,I2013255,4.0,16.0
5,I2013255,G1005029,1.0,16.0
5,I2013255,G3004428,1.0,16.0
5,I2013255,I1006833,2.0,32.0
6,I1006833,G2005882,0.08,2.56
6,I1006833,G2005882,0.32,10.24
6,I1006833,G2005882,0.24,7.68
5,I2013255,I1038970,1.0,16.0
6,I1038970,G2005887,0.21,3.36
6,I1038970,G2005887,0.84,13.44
6,I1038970,G2005887,0.63,10.08
5,I2013255,I1038971,2.0,32.0
6,I1038971,G2000064,0.02,0.64
6,I1038971,G2000064,0.08,2.56
6,I1038971,G2000064,0.06,1.92
5,I2013255,G1005029,4.0,64.0
5,I2013255,G3004428,4.0,64.0
5,I2013255,I1006833,8.0,128.0
6,I1006833,G2005882,0.08,10.24
6,I1006833,G2005882,0.32,40.96
6,I1006833,G2005882,0.24,30.72
5,I2013255,I1038970,4.0,64.0
6,I1038970,G2005887,0.21,13.44
6,I1038970,G2005887,0.84,53.76
6,I1038970,G2005887,0.63,40.32
5,I2013255,I1038971,8.0,128.0
6,I1038971,G2000064,0.02,2.56
6,I1038971,G2000064,0.08,10.24
6,I1038971,G2000064,0.06,7.68
5,I2013255,G1005029,3.0,48.0
5,I2013255,G3004428,3.0,48.0
5,I2013255,I1006833,6.0,96.0
6,I1006833,G2005882,0.08,7.68
6,I1006833,G2005882,0.32,30.72
6,I1006833,G2005882,0.24,23.04
5,I2013255,I1038970,3.0,48.0
6,I1038970,G2005887,0.21,10.08
6,I1038970,G2005887,0.84,40.32
6,I1038970,G2005887,0.63,30.240000000000002
5,I2013255,I1038971,6.0,96.0
6,I1038971,G2000064,0.02,1.92
6,I1038971,G2000064,0.08,7.68
6,I1038971,G2000064,0.06,5.76
3,I2015623,I2015234,4.0,4.0
4,I2015234,G1009112,4.0,16.0
4,I2015234,G3000328,32.0,128.0
4,I2015234,G3006035,8.0,32.0
4,I2015234,G3010009,8.0,32.0
4,I2015234,I1007344,4.0,16.0
5,I1007344,G2005940,92.84,1485.44
4,I2015234,I1009007,4.0,16.0
5,I1009007,G1009109,16.06,256.96
5,I1009007,G1009109,4.015,64.24
4,I2015234,I2013255,4.0,16.0
5,I2013255,G1005029,1.0,16.0
5,I2013255,G3004428,1.0,16.0
5,I2013255,I1006833,2.0,32.0
6,I1006833,G2005882,0.08,2.56
6,I1006833,G2005882,0.32,10.24
6,I1006833,G2005882,0.24,7.68
5,I2013255,I1038970,1.0,16.0
6,I1038970,G2005887,0.21,3.36
6,I1038970,G2005887,0.84,13.44
6,I1038970,G2005887,0.63,10.08
5,I2013255,I1038971,2.0,32.0
6,I1038971,G2000064,0.02,0.64
6,I1038971,G2000064,0.08,2.56
6,I1038971,G2000064,0.06,1.92
5,I2013255,G1005029,4.0,64.0
5,I2013255,G3004428,4.0,64.0
5,I2013255,I1006833,8.0,128.0
6,I1006833,G2005882,0.08,10.24
6,I1006833,G2005882,0.32,40.96
6,I1006833,G2005882,0.24,30.72
5,I2013255,I1038970,4.0,64.0
6,I1038970,G2005887,0.21,13.44
6,I1038970,G2005887,0.84,53.76
6,I1038970,G2005887,0.63,40.32
5,I2013255,I1038971,8.0,128.0
6,I1038971,G2000064,0.02,2.56
6,I1038971,G2000064,0.08,10.24
6,I1038971,G2000064,0.06,7.68
5,I2013255,G1005029,3.0,48.0
5,I2013255,G3004428,3.0,48.0
5,I2013255,I1006833,6.0,96.0
6,I1006833,G2005882,0.08,7.68
6,I1006833,G2005882,0.32,30.72
6,I1006833,G2005882,0.24,23.04
5,I2013255,I1038970,3.0,48.0
6,I1038970,G2005887,0.21,10.08
6,I1038970,G2005887,0.84,40.32
6,I1038970,G2005887,0.63,30.240000000000002
5,I2013255,I1038971,6.0,96.0
6,I1038971,G2000064,0.02,1.92
6,I1038971,G2000064,0.08,7.68
6,I1038971,G2000064,0.06,5.76
4,I2015234,I2015243,4.0,16.0
5,I2015243,I1007210,4.0,64.0
6,I1007210,G2000054,6.36,407.04
6,I1007210,G2000054,1.59,101.76
5,I2015243,I1007211,12.0,192.0
6,I1007211,G2005696,0.082,15.744
6,I1007211,G2005696,0.492,94.464
6,I1007211,G2005696,0.123,23.616
5,I2015243,I1007212,12.0,192.0
6,I1007212,G2005882,0.14,26.880000000000003
6,I1007212,G2005882,0.84,161.28
6,I1007212,G2005882,0.21,40.32
5,I2015243,I1008779,4.0,64.0
6,I1008779,G2000054,0.24,15.36
6,I1008779,G2000054,0.96,61.44
5,I2015243,I1007210,1.0,16.0
6,I1007210,G2000054,6.36,101.76
6,I1007210,G2000054,1.59,25.44
5,I2015243,I1007211,3.0,48.0
6,I1007211,G2005696,0.082,3.936
6,I1007211,G2005696,0.492,23.616
6,I1007211,G2005696,0.123,5.904
5,I2015243,I1007212,3.0,48.0
6,I1007212,G2005882,0.14,6.720000000000001
6,I1007212,G2005882,0.84,40.32
6,I1007212,G2005882,0.21,10.08
5,I2015243,I1008779,1.0,16.0
6,I1008779,G2000054,0.24,3.84
6,I1008779,G2000054,0.96,15.36
3,I2015623,I2015235,3.0,3.0
4,I2015235,G3006035,6.0,18.0
4,I2015235,I1027815,3.0,9.0
5,I1027815,G2005940,78.18,703.6200000000001
4,I2015235,I1043581,3.0,9.0
5,I1043581,G1009109,8.475,76.27499999999999
5,I1043581,G1009109,2.825,25.425
4,I2015235,I2013255,3.0,9.0
5,I2013255,G1005029,1.0,9.0
5,I2013255,G3004428,1.0,9.0
5,I2013255,I1006833,2.0,18.0
6,I1006833,G2005882,0.08,1.44
6,I1006833,G2005882,0.32,5.76
6,I1006833,G2005882,0.24,4.32
5,I2013255,I1038970,1.0,9.0
6,I1038970,G2005887,0.21,1.89
6,I1038970,G2005887,0.84,7.56
6,I1038970,G2005887,0.63,5.67
5,I2013255,I1038971,2.0,18.0
6,I1038971,G2000064,0.02,0.36
6,I1038971,G2000064,0.08,1.44
6,I1038971,G2000064,0.06,1.08
5,I2013255,G1005029,4.0,36.0
5,I2013255,G3004428,4.0,36.0
5,I2013255,I1006833,8.0,72.0
6,I1006833,G2005882,0.08,5.76
6,I1006833,G2005882,0.32,23.04
6,I1006833,G2005882,0.24,17.28
5,I2013255,I1038970,4.0,36.0
6,I1038970,G2005887,0.21,7.56
6,I1038970,G2005887,0.84,30.24
6,I1038970,G2005887,0.63,22.68
5,I2013255,I1038971,8.0,72.0
6,I1038971,G2000064,0.02,1.44
6,I1038971,G2000064,0.08,5.76
6,I1038971,G2000064,0.06,4.32
5,I2013255,G1005029,3.0,27.0
5,I2013255,G3004428,3.0,27.0
5,I2013255,I1006833,6.0,54.0
6,I1006833,G2005882,0.08,4.32
6,I1006833,G2005882,0.32,17.28
6,I1006833,G2005882,0.24,12.959999999999999
5,I2013255,I1038970,3.0,27.0
6,I1038970,G2005887,0.21,5.67
6,I1038970,G2005887,0.84,22.68
6,I1038970,G2005887,0.63,17.01
5,I2013255,I1038971,6.0,54.0
6,I1038971,G2000064,0.02,1.08
6,I1038971,G2000064,0.08,4.32
6,I1038971,G2000064,0.06,3.2399999999999998
3,I2015623,I2015236,1.0,1.0
4,I2015236,G1009112,1.0,1.0
4,I2015236,G3000328,8.0,8.0
4,I2015236,G3006035,2.0,2.0
4,I2015236,G3010009,2.0,2.0
4,I2015236,I1009007,1.0,1.0
5,I1009007,G1009109,16.06,16.06
5,I1009007,G1009109,4.015,4.015
4,I2015236,I1009138,1.0,1.0
5,I1009138,G2005940,23.21,23.21
4,I2015236,I2013255,1.0,1.0
5,I2013255,G1005029,1.0,1.0
5,I2013255,G3004428,1.0,1.0
5,I2013255,I1006833,2.0,2.0
6,I1006833,G2005882,0.08,0.16
6,I1006833,G2005882,0.32,0.64
6,I1006833,G2005882,0.24,0.48
5,I2013255,I1038970,1.0,1.0
6,I1038970,G2005887,0.21,0.21
6,I1038970,G2005887,0.84,0.84
6,I1038970,G2005887,0.63,0.63
5,I2013255,I1038971,2.0,2.0
6,I1038971,G2000064,0.02,0.04
6,I1038971,G2000064,0.08,0.16
6,I1038971,G2000064,0.06,0.12
5,I2013255,G1005029,4.0,4.0
5,I2013255,G3004428,4.0,4.0
5,I2013255,I1006833,8.0,8.0
6,I1006833,G2005882,0.08,0.64
6,I1006833,G2005882,0.32,2.56
6,I1006833,G2005882,0.24,1.92
5,I2013255,I1038970,4.0,4.0
6,I1038970,G2005887,0.21,0.84
6,I1038970,G2005887,0.84,3.36
6,I1038970,G2005887,0.63,2.52
5,I2013255,I1038971,8.0,8.0
6,I1038971,G2000064,0.02,0.16
6,I1038971,G2000064,0.08,0.64
6,I1038971,G2000064,0.06,0.48
5,I2013255,G1005029,3.0,3.0
5,I2013255,G3004428,3.0,3.0
5,I2013255,I1006833,6.0,6.0
6,I1006833,G2005882,0.08,0.48
6,I1006833,G2005882,0.32,1.92
6,I1006833,G2005882,0.24,1.44
5,I2013255,I1038970,3.0,3.0
6,I1038970,G2005887,0.21,0.63
6,I1038970,G2005887,0.84,2.52
6,I1038970,G2005887,0.63,1.8900000000000001
5,I2013255,I1038971,6.0,6.0
6,I1038971,G2000064,0.02,0.12
6,I1038971,G2000064,0.08,0.48
6,I1038971,G2000064,0.06,0.36
4,I2015236,I2015243,1.0,1.0
5,I2015243,I1007210,4.0,4.0
6,I1007210,G2000054,6.36,25.44
6,I1007210,G2000054,1.59,6.36
5,I2015243,I1007211,12.0,12.0
6,I1007211,G2005696,0.082,0.984
6,I1007211,G2005696,0.492,5.904
6,I1007211,G2005696,0.123,1.476
5,I2015243,I1007212,12.0,12.0
6,I1007212,G2005882,0.14,1.6800000000000002
6,I1007212,G2005882,0.84,10.08
6,I1007212,G2005882,0.21,2.52
5,I2015243,I1008779,4.0,4.0
6,I1008779,G2000054,0.24,0.96
6,I1008779,G2000054,0.96,3.84
5,I2015243,I1007210,1.0,1.0
6,I1007210,G2000054,6.36,6.36
6,I1007210,G2000054,1.59,1.59
5,I2015243,I1007211,3.0,3.0
6,I1007211,G2005696,0.082,0.246
6,I1007211,G2005696,0.492,1.476
6,I1007211,G2005696,0.123,0.369
5,I2015243,I1007212,3.0,3.0
6,I1007212,G2005882,0.14,0.42000000000000004
6,I1007212,G2005882,0.84,2.52
6,I1007212,G2005882,0.21,0.63
5,I2015243,I1008779,1.0,1.0
6,I1008779,G2000054,0.24,0.24
6,I1008779,G2000054,0.96,0.96
3,I2015623,I2015443,1.0,1.0
4,I2015443,G3006035,2.0,2.0
4,I2015443,I1033086,1.0,1.0
5,I1033086,G2005940,26.06,26.06
4,I2015443,I1043581,1.0,1.0
5,I1043581,G1009109,8.475,8.475
5,I1043581,G1009109,2.825,2.825
4,I2015443,I2013255,1.0,1.0
5,I2013255,G1005029,1.0,1.0
5,I2013255,G3004428,1.0,1.0
5,I2013255,I1006833,2.0,2.0
6,I1006833,G2005882,0.08,0.16
6,I1006833,G2005882,0.32,0.64
6,I1006833,G2005882,0.24,0.48
5,I2013255,I1038970,1.0,1.0
6,I1038970,G2005887,0.21,0.21
6,I1038970,G2005887,0.84,0.84
6,I1038970,G2005887,0.63,0.63
5,I2013255,I1038971,2.0,2.0
6,I1038971,G2000064,0.02,0.04
6,I1038971,G2000064,0.08,0.16
6,I1038971,G2000064,0.06,0.12
5,I2013255,G1005029,4.0,4.0
5,I2013255,G3004428,4.0,4.0
5,I2013255,I1006833,8.0,8.0
6,I1006833,G2005882,0.08,0.64
6,I1006833,G2005882,0.32,2.56
6,I1006833,G2005882,0.24,1.92
5,I2013255,I1038970,4.0,4.0
6,I1038970,G2005887,0.21,0.84
6,I1038970,G2005887,0.84,3.36
6,I1038970,G2005887,0.63,2.52
5,I2013255,I1038971,8.0,8.0
6,I1038971,G2000064,0.02,0.16
6,I1038971,G2000064,0.08,0.64
6,I1038971,G2000064,0.06,0.48
5,I2013255,G1005029,3.0,3.0
5,I2013255,G3004428,3.0,3.0
5,I2013255,I1006833,6.0,6.0
6,I1006833,G2005882,0.08,0.48
6,I1006833,G2005882,0.32,1.92
6,I1006833,G2005882,0.24,1.44
5,I2013255,I1038970,3.0,3.0
6,I1038970,G2005887,0.21,0.63
6,I1038970,G2005887,0.84,2.52
6,I1038970,G2005887,0.63,1.8900000000000001
5,I2013255,I1038971,6.0,6.0
6,I1038971,G2000064,0.02,0.12
6,I1038971,G2000064,0.08,0.48
6,I1038971,G2000064,0.06,0.36
3,I2015623,I2015444,1.0,1.0
4,I2015444,G1009112,1.0,1.0
4,I2015444,G3000328,8.0,8.0
4,I2015444,G3006035,2.0,2.0
4,I2015444,G3010009,2.0,2.0
4,I2015444,I1009007,1.0,1.0
5,I1009007,G1009109,16.06,16.06
5,I1009007,G1009109,4.015,4.015
4,I2015444,I1044220,1.0,1.0
5,I1044220,G2005940,23.21,23.21
4,I2015444,I2002647,1.0,1.0
5,I2002647,I1007210,4.0,4.0
6,I1007210,G2000054,6.36,25.44
6,I1007210,G2000054,1.59,6.36
5,I2002647,I1007211,12.0,12.0
6,I1007211,G2005696,0.082,0.984
6,I1007211,G2005696,0.492,5.904
6,I1007211,G2005696,0.123,1.476
5,I2002647,I1007212,12.0,12.0
6,I1007212,G2005882,0.14,1.6800000000000002
6,I1007212,G2005882,0.84,10.08
6,I1007212,G2005882,0.21,2.52
5,I2002647,I1008779,4.0,4.0
6,I1008779,G2000054,0.24,0.96
6,I1008779,G2000054,0.96,3.84
5,I2002647,I1007210,1.0,1.0
6,I1007210,G2000054,6.36,6.36
6,I1007210,G2000054,1.59,1.59
5,I2002647,I1007211,3.0,3.0
6,I1007211,G2005696,0.082,0.246
6,I1007211,G2005696,0.492,1.476
6,I1007211,G2005696,0.123,0.369
5,I2002647,I1007212,3.0,3.0
6,I1007212,G2005882,0.14,0.42000000000000004
6,I1007212,G2005882,0.84,2.52
6,I1007212,G2005882,0.21,0.63
5,I2002647,I1008779,1.0,1.0
6,I1008779,G2000054,0.24,0.24
6,I1008779,G2000054,0.96,0.96
4,I2015444,I2013255,1.0,1.0
5,I2013255,G1005029,1.0,1.0
5,I2013255,G3004428,1.0,1.0
5,I2013255,I1006833,2.0,2.0
6,I1006833,G2005882,0.08,0.16
6,I1006833,G2005882,0.32,0.64
6,I1006833,G2005882,0.24,0.48
5,I2013255,I1038970,1.0,1.0
6,I1038970,G2005887,0.21,0.21
6,I1038970,G2005887,0.84,0.84
6,I1038970,G2005887,0.63,0.63
5,I2013255,I1038971,2.0,2.0
6,I1038971,G2000064,0.02,0.04
6,I1038971,G2000064,0.08,0.16
6,I1038971,G2000064,0.06,0.12
5,I2013255,G1005029,4.0,4.0
5,I2013255,G3004428,4.0,4.0
5,I2013255,I1006833,8.0,8.0
6,I1006833,G2005882,0.08,0.64
6,I1006833,G2005882,0.32,2.56
6,I1006833,G2005882,0.24,1.92
5,I2013255,I1038970,4.0,4.0
6,I1038970,G2005887,0.21,0.84
6,I1038970,G2005887,0.84,3.36
6,I1038970,G2005887,0.63,2.52
5,I2013255,I1038971,8.0,8.0
6,I1038971,G2000064,0.02,0.16
6,I1038971,G2000064,0.08,0.64
6,I1038971,G2000064,0.06,0.48
5,I2013255,G1005029,3.0,3.0
5,I2013255,G3004428,3.0,3.0
5,I2013255,I1006833,6.0,6.0
6,I1006833,G2005882,0.08,0.48
6,I1006833,G2005882,0.32,1.92
6,I1006833,G2005882,0.24,1.44
5,I2013255,I1038970,3.0,3.0
6,I1038970,G2005887,0.21,0.63
6,I1038970,G2005887,0.84,2.52
6,I1038970,G2005887,0.63,1.8900000000000001
5,I2013255,I1038971,6.0,6.0
6,I1038971,G2000064,0.02,0.12
6,I1038971,G2000064,0.08,0.48
6,I1038971,G2000064,0.06,0.36
3,I2015623,I2015447,3.0,3.0
4,I2015447,G3006035,6.0,18.0
4,I2015447,I1043581,3.0,9.0
5,I1043581,G1009109,8.475,76.27499999999999
5,I1043581,G1009109,2.825,25.425
4,I2015447,I1044616,3.0,9.0
5,I1044616,G2005940,78.18,703.6200000000001
4,I2015447,I2013255,3.0,9.0
5,I2013255,G1005029,1.0,9.0
5,I2013255,G3004428,1.0,9.0
5,I2013255,I1006833,2.0,18.0
6,I1006833,G2005882,0.08,1.44
6,I1006833,G2005882,0.32,5.76
6,I1006833,G2005882,0.24,4.32
5,I2013255,I1038970,1.0,9.0
6,I1038970,G2005887,0.21,1.89
6,I1038970,G2005887,0.84,7.56
6,I1038970,G2005887,0.63,5.67
5,I2013255,I1038971,2.0,18.0
6,I1038971,G2000064,0.02,0.36
6,I1038971,G2000064,0.08,1.44
6,I1038971,G2000064,0.06,1.08
5,I2013255,G1005029,4.0,36.0
5,I2013255,G3004428,4.0,36.0
5,I2013255,I1006833,8.0,72.0
6,I1006833,G2005882,0.08,5.76
6,I1006833,G2005882,0.32,23.04
6,I1006833,G2005882,0.24,17.28
5,I2013255,I1038970,4.0,36.0
6,I1038970,G2005887,0.21,7.56
6,I1038970,G2005887,0.84,30.24
6,I1038970,G2005887,0.63,22.68
5,I2013255,I1038971,8.0,72.0
6,I1038971,G2000064,0.02,1.44
6,I1038971,G2000064,0.08,5.76
6,I1038971,G2000064,0.06,4.32
5,I2013255,G1005029,3.0,27.0
5,I2013255,G3004428,3.0,27.0
5,I2013255,I1006833,6.0,54.0
6,I1006833,G2005882,0.08,4.32
6,I1006833,G2005882,0.32,17.28
6,I1006833,G2005882,0.24,12.959999999999999
5,I2013255,I1038970,3.0,27.0
6,I1038970,G2005887,0.21,5.67
6,I1038970,G2005887,0.84,22.68
6,I1038970,G2005887,0.63,17.01
5,I2013255,I1038971,6.0,54.0
6,I1038971,G2000064,0.02,1.08
6,I1038971,G2000064,0.08,4.32
6,I1038971,G2000064,0.06,3.2399999999999998
3,I2015623,I2015448,1.0,1.0
4,I2015448,G3006035,2.0,2.0
4,I2015448,I1043581,1.0,1.0
5,I1043581,G1009109,8.475,8.475
5,I1043581,G1009109,2.825,2.825
4,I2015448,I1044221,1.0,1.0
5,I1044221,G2005940,26.06,26.06
4,I2015448,I2013255,1.0,1.0
5,I2013255,G1005029,1.0,1.0
5,I2013255,G3004428,1.0,1.0
5,I2013255,I1006833,2.0,2.0
6,I1006833,G2005882,0.08,0.16
6,I1006833,G2005882,0.32,0.64
6,I1006833,G2005882,0.24,0.48
5,I2013255,I1038970,1.0,1.0
6,I1038970,G2005887,0.21,0.21
6,I1038970,G2005887,0.84,0.84
6,I1038970,G2005887,0.63,0.63
5,I2013255,I1038971,2.0,2.0
6,I1038971,G2000064,0.02,0.04
6,I1038971,G2000064,0.08,0.16
6,I1038971,G2000064,0.06,0.12
5,I2013255,G1005029,4.0,4.0
5,I2013255,G3004428,4.0,4.0
5,I2013255,I1006833,8.0,8.0
6,I1006833,G2005882,0.08,0.64
6,I1006833,G2005882,0.32,2.56
6,I1006833,G2005882,0.24,1.92
5,I2013255,I1038970,4.0,4.0
6,I1038970,G2005887,0.21,0.84
6,I1038970,G2005887,0.84,3.36
6,I1038970,G2005887,0.63,2.52
5,I2013255,I1038971,8.0,8.0
6,I1038971,G2000064,0.02,0.16
6,I1038971,G2000064,0.08,0.64
6,I1038971,G2000064,0.06,0.48
5,I2013255,G1005029,3.0,3.0
5,I2013255,G3004428,3.0,3.0
5,I2013255,I1006833,6.0,6.0
6,I1006833,G2005882,0.08,0.48
6,I1006833,G2005882,0.32,1.92
6,I1006833,G2005882,0.24,1.44
5,I2013255,I1038970,3.0,3.0
6,I1038970,G2005887,0.21,0.63
6,I1038970,G2005887,0.84,2.52
6,I1038970,G2005887,0.63,1.8900000000000001
5,I2013255,I1038971,6.0,6.0
6,I1038971,G2000064,0.02,0.12
6,I1038971,G2000064,0.08,0.48
6,I1038971,G2000064,0.06,0.36
3,I2015623,I2015626,2.0,2.0
4,I2015626,G1009263,4.0,8.0
4,I2015626,G3001126,4.0,8.0
4,I2015626,G3001749,4.0,8.0
4,I2015626,I1007493,4.0,8.0
5,I1007493,G2005931,0.96,7.68
4,I2015626,I1044688,4.0,8.0
5,I1044688,G2005931,5.96,47.68
4,I2015626,I1044692,2.0,4.0
5,I1044692,G2005931,2.66,10.64
2,I2015622,I2015624,1.0,1.0
3,I2015624,G1004689,41.0,41.0
3,I2015624,G3000221,41.0,41.0
3,I2015624,I1011627,2.0,2.0
4,I1011627,G2005932,0.02,0.04
3,I2015624,I1023335,1.0,1.0
4,I1023335,G2000380,9.17,9.17
3,I2015624,I1023336,7.0,7.0
4,I1023336,G2005946,39.9,279.3
3,I2015624,I1023337,14.0,14.0
4,I1023337,G2005887,7.7,107.8
3,I2015624,I1023338,14.0,14.0
4,I1023338,G2005946,7.98,111.72
3,I2015624,I1023339,1.0,1.0
4,I1023339,G2005932,3.15,3.15
3,I2015624,I1023344,7.0,7.0
4,I1023344,G2005946,39.9,279.3
3,I2015624,I1023350,3.0,3.0
4,I1023350,G2005932,27.75,83.25
3,I2015624,I1026074,1.0,1.0
4,I1026074,G2005932,5.48,5.48
3,I2015624,I1026076,2.0,2.0
4,I1026076,G2000380,5.08,10.16
3,I2015624,I1030149,3.0,3.0
4,I1030149,G2005882,0.45,1.35
3,I2015624,I1030172,3.0,3.0
4,I1030172,G2005882,0.45,1.35
3,I2015624,I1039115,1.0,1.0
4,I1039115,G2000380,9.22,9.22
3,I2015624,I1039401,8.0,8.0
4,I1039401,G2005940,0.08,0.64
3,I2015624,I1039757,7.0,7.0
4,I1039757,G2000473,1.56,10.92
4,I1039757,G2000473,3.64,25.48
3,I2015624,I1044675,1.0,1.0
4,I1044675,G2005932,3.2,3.2
3,I2015624,I1044676,1.0,1.0
4,I1044676,G2005932,8.95,8.95
3,I2015624,I1044678,1.0,1.0
4,I1044678,G2000380,4.54,4.54
3,I2015624,I1044680,2.0,2.0
4,I1044680,G2000380,11.02,22.04
3,I2015624,I1044682,1.0,1.0
4,I1044682,G2000380,4.59,4.59
3,I2015624,I2015631,1.0,1.0
4,I2015631,G3006035,2.0,2.0
4,I2015631,I1044714,2.0,2.0
5,I1044714,G2005931,3.84,7.68
4,I2015631,I2013449,6.0,6.0
5,I2013449,G1004651,6.0,36.0
5,I2013449,G3000951,6.0,36.0
5,I2013449,G3001067,6.0,36.0
4,I2015631,I2014934,1.0,1.0
5,I2014934,I1042824,1.0,1.0
6,I1042824,G2005882,0.17,0.17
5,I2014934,I1042825,1.0,1.0
6,I1042825,G2005882,0.09,0.09
5,I2014934,I1042826,1.0,1.0
6,I1042826,G2005882,0.04,0.04
4,I2015631,I2015651,1.0,1.0
5,I2015651,I1044718,1.0,1.0
6,I1044718,G2000380,4.89,4.89
5,I2015651,I1044774,1.0,1.0
6,I1044774,G2000380,1.49,1.49
5,I2015651,I1044776,4.0,4.0
6,I1044776,G2000380,2.0,8.0
4,I2015631,I2015652,2.0,2.0
5,I2015652,I1044777,2.0,4.0
6,I1044777,G2000380,3.66,14.64
5,I2015652,I1044778,4.0,8.0
6,I1044778,G2000380,0.84,6.72
